{"BR": {"1.1": 87.77777777777779899537335950, "1.2": 75.88235294117650076017866922, "1.3": 100, "1.4": 100, "1.5": 91.35240740740739884273580174, "2.1": 42.69373054100379927255914936, "2.2": 46.21495377770080126289542477, "2.3": 49.70572938612939917213395802, "2.4": 23.69113963870060068916956197, "3.1": 100, "3.2": 90.39832537063200446070254657, "4.1": 66.93385671728260266633014908, "4.2": 74.75000000000000532907051820, "4.3": 48.17965809561839951591366571, "5.1": 66.50000000000000355271367880, "5.2": 100, "5.3": 46.72775000000000122923893286, "5.4": 99.14333333333329445480330833, "5.5": 91.50000000000000355271367880, "5.6": 66.66666666666669627261399000, "1.6": 69.84536082474229745642446687, "index": 83.71761776934120158344398988, "S": 74.77700884275280124313667329, "P": 74.75767603821440454581193080, "O": 92.38532231083359524959064402, "1": 87.47631649185070301655287039, "2": 40.57638833588360083304280579, "3": 95.19916268531599667923615016, "4": 63.28783827096700065339973662, "5": 74.10754999999999981241671776}, "CD": {"1.1": 55.55555555555560243163881751, "1.2": 76.61764705882350146026738003, "1.3": 66.66666666666669627261399000, "1.4": 75.00, "1.5": 66.08003612928430303696814008, "2.1": 87.45599611569739861849370754, "2.2": 75.21241638700459919419927246, "2.3": 70.97201618354109786679373428, "2.4": 61.92910329868700491928734664, "3.1": 53.84397151511439716387030785, "3.2": 42.98102298045899938294667209, "4.1": 88.00303948050890445742311385, "4.2": 66.50000000000000355271367880, "4.3": 88.68641619653200303119433556, "5.1": 66.50000000000000355271367880, "5.2": 0, "5.3": 62.98587500000000227728946811, "5.4": 94.19999999999999484856516574, "5.5": 33.20000000000000173194791842, "5.6": 55.33333333333330106285075090, "1.6": 74.55919395465999688354941100, "index": 54.78033648723940052249758992, "S": 74.27841556269839662363096977, "P": 55.74437788289430262267387661, "O": 54.44495945132730163606993301, "1": 69.07984989416500187786596143, "2": 73.89238299623249739411789960, "3": 48.41249724778670104896605153, "4": 81.06315189234689633224206773, "5": 61.42980208333329583680892938}, "ET": {"1.1": 58.22222222222219745191296170, "1.2": 63.23529411764710062016092706, "1.3": 100, "1.4": 100, "1.5": 72.15098948670379819247955311, "2.1": 80.01059997543199520109169498, "2.2": 77.30663432513770194631774757, "2.3": 85.67182886549890019622921500, "2.4": 64.07294445633749946367174744, "3.1": 50.02494107194620509559968013, "3.2": 55.15461458346869738633699853, "4.1": 86.67664309544520495620645306, "4.2": 66.50000000000000355271367880, "4.3": 81.07239790262810164023221660, "5.1": 0, "5.2": 44.33333333333330239511838045, "5.3": 40.74999999999999733546474090, "5.4": 52.83333333333329884240470165, "5.5": 59.79999999999999760191826681, "5.6": 50.0, "1.6": 71.35678391959799915511553081, "index": 56.46852309795600266539850054, "S": 63.21079460331330279743156098, "P": 65.80821771915309481570943717, "O": 56.90215988891560439100203439, "1": 77.49421495769519552254678274, "2": 76.76550190560149644625198562, "3": 52.58977782770739572981710808, "4": 78.08301366602440340969337740, "5": 49.54333333333330036118979933}, "HT": {"1.1": 67.11111111111109917004569070, "1.2": 76.47058823529410132024963787, "1.3": 66.66666666666669627261399000, "1.4": 81.2500, "1.5": "Insufficient data", "2.1": "Insufficient data", "2.2": "Insufficient data", "2.3": "Insufficient data", "2.4": "Insufficient data", "3.1": 46.23764915055230129148355900, "3.2": "Insufficient data", "4.1": 66.24588305018409561952807962, "4.2": 50.0, "4.3": 36.75806843291000158835402090, "5.1": 66.50000000000000355271367880, "5.2": 33.33333333333329817627088687, "5.3": 23.00000000000000099920072216, "5.4": 88.53333333333329724368354618, "5.5": 83.25000000000000177635683940, "5.6": 66.66666666666669627261399000, "1.6": 74.17721518987340223461046662, "index": 53.73236677395799576473223169, "S": 67.94352152123990240539797014, "P": 49.27760677938650135665454854, "O": 55.40133418870260006983130552, "1": 73.13511624058910420842494204, "2": "Insufficient data", "3": "Insufficient data", "4": 51.00131716103140089302314664, "5": 60.21388888888890011941157354}, "HN": {"1.1": 90.00000000000000222044604925, "1.2": 70.88235294117649631928657072, "1.3": 66.66666666666669627261399000, "1.4": 100, "1.5": 64.28846857403249792639599036, "2.1": 83.91432044433230208468899036, "2.2": 83.00059705956239763935400333, "2.3": 62.45185156676079651916211333, "2.4": "Insufficient data", "3.1": 61.44982174936850505275742762, "3.2": 69.39505446390920040400374091, "4.1": 96.66666666666670071350608850, "4.2": 74.75000000000000532907051820, "4.3": 46.62775086491099951757632880, "5.1": 66.50000000000000355271367880, "5.2": 33.33333333333329817627088687, "5.3": 95.75000000000000177635683940, "5.4": 63.13333333333339680848439457, "5.5": 58.25000000000000177635683940, "5.6": 66.66666666666669627261399000, "1.6": 75.82697201017809529588475925, "index": 71.84907932772010008548591031, "S": 77.93526846588929579695559369, "P": 68.21713200397240273176180381, "O": 75.36016628038739728623340852, "1": 77.94407669867560173315723659, "2": 76.45558969021849504699162026, "3": 65.42243810663880276834447614, "4": 72.68147251052590185338431183, "5": 63.93888888888890065231862536}, "ID": {"1.1": 76.88888888888889550088379110, "1.2": 74.70588235294119971996451568, "1.3": 66.66666666666669627261399000, "1.4": 100, "1.5": 81.68791666666670447938258803, "2.1": 93.31660160032969608678854456, "2.2": 79.82440601636779931027376733, "2.3": 81.88942923948540064671419714, "2.4": 81.20488928831950392606131572, "3.1": 31.70398110871819885581146536, "3.2": 71.07550185140070198031025939, "4.1": 78.36766194384620076718306336, "4.2": 50.0, "4.3": 48.98515300104550052040508490, "5.1": 66.50000000000000355271367880, "5.2": 50.0, "5.3": 23.59874999999999889421786747, "5.4": 63.55333333333329504100106533, "5.5": 66.40000000000000346389583683, "5.6": 100, "1.6": 75.51020408163260366762870035, "index": 72.94710498512569918361236887, "S": 68.24445873215010394119417469, "P": 61.26046585239810493561662952, "O": 80.04043656829740172042875201, "1": 79.24325977613270177712934128, "2": 84.05883153612559999245945619, "3": 51.38974148005940323358231581, "4": 59.11760498163060040255345484, "5": 61.67534722222219878418059125}, "KE": {"1.1": 62.22222222222220100462664050, "1.2": 56.17647058823530548110625205, "1.3": 100, "1.4": 81.2500, "1.5": 61.18946369350509728590736813, "2.1": 84.51870737052270543543386339, "2.2": 94.21948958680920194197483397, "2.3": 89.86447840106479567623409821, "2.4": 60.89486595459749906922297669, "3.1": 61.74574807437870349602349052, "3.2": 70.91398455112070120520684213, "4.1": 100, "4.2": 74.75000000000000532907051820, "4.3": 91.74820620297670092924136043, "5.1": 50.0, "5.2": 44.33333333333330239511838045, "5.3": 61.62499999999999644728632120, "5.4": 64.63333333333329822067980786, "5.5": 80.00000000000000444089209850, "5.6": 66.66666666666669627261399000, "1.6": 72.29219143576830486352946536, "index": 70.20912251114990176859009807, "S": 76.26040624984200544389523202, "P": 67.31907079596729515102992991, "O": 74.05959151482890412410142744, "1": 72.18839132328850327624536476, "2": 82.37438532824850057068033493, "3": 66.32986631274969679950004320, "4": 88.83273540099230203281877039, "5": 61.20972222222219594200964821}, "PS": {"1.1": 63.33333333333329706604786224, "1.2": 55.58823529411760500096306714, "1.3": 66.66666666666669627261399000, "1.4": 100, "1.5": 63.71929824561399779980774838, "2.1": 87.83507684744129573317650284, "2.2": 55.96692458166360184534937616, "2.3": 98.88059701492539765865785739, "2.4": 44.49768366564729737966388257, "3.1": 60.75509642585410485793318003, "3.2": 88.45842879809000525170858964, "4.1": 84.94784206168050078034070793, "4.2": 66.50000000000000355271367880, "4.3": 99.26169165312549447222068011, "5.1": 82.99999999999999600319711135, "5.2": 66.66666666666669627261399000, "5.3": 43.37500000000000244249065418, "5.4": 99.43333333333329582259807466,