{"AL": {"1.1": 93.33333333333330150693996075, "1.2": 100, "1.3": 100, "1.4": 100, "1.5": 45.45183982683980161709769163, "2.1": 88.02843462644990291110502767, "2.2": "Insufficient data", "2.3": "Insufficient data", "2.4": "Insufficient data", "3.1": 75.61729283410559832034891770, "3.2": 75.00, "3.3": 91.42691513485740051336847500, "4.1": 100, "4.2": 50.0, "4.3": 99.42781913850700092893930560, "5.1": 66.50000000000000355271367880, "5.2": 66.50000000000000355271367880, "5.3": 91.50000000000000355271367880, "5.4": 98.99614285714289918516328726, "1.6": 74.19354838709679711428179871, "index": 86.41072413212139702309855238, "3": 80.68140265632099961123913090, "O": 65.19873549351630215298314397, "1": 85.49645359121169629901260123, "P": 11.60165322592110054289449295, "S": 9.610335412683990163884573121, "2": "Insufficient data", "5": 80.87403571428569692969290372, "4": 83.14260637950230403703244519}, "AU": {"1.1": 64.58333333333330372738601000, "1.2": 96.87500, "1.3": 100, "1.4": 100, "1.5": 77.02380952380950551727778475, "2.1": 46.48481986014840194876285295, "2.2": "Insufficient data", "2.3": 66.66666666666669627261399000, "2.4": "Insufficient data", "3.1": 68.7500, "3.2": 95.312500, "3.3": 77.34570240537940177816267351, "4.1": 60.99999999999999866773237045, "4.2": 49.74999999999999977795539507, "4.3": 72.74140660686659876077442277, "5.1": 100, "5.2": 33.00000000000000155431223448, "5.3": 66.50000000000000355271367880, "5.4": 84.37142857142859719843386301, "1.6": 84.90566037735850501988466021, "index": 78.39393027285329607067865254, "3": 80.46940080179310061936348575, "O": 57.62073223142919475847634203, "1": 87.23130053908350056701692665, "P": 11.79559407530939990627061320, "S": 8.977603966114749978189024660, "2": "Insufficient data", "5": 70.96785714285710477966517828, "4": 61.16380220228889719180642714}, "BR": {"1.1": 100, "1.2": 100, "1.3": 100, "1.4": 100, "1.5": 100, "2.1": 42.62459493502129825870383684, "2.2": "Insufficient data", "2.3": "Insufficient data", "2.4": "Insufficient data", "3.1": 100, "3.2": 31.2500, "3.3": 74.42688555853950171936617153, "4.1": 66.72384879415740321917382971, "4.2": 74.75000000000000532907051820, "4.3": 31.76871988974300231589609211, "5.1": 66.50000000000000355271367880, "5.2": 66.50000000000000355271367880, "5.3": 77.66666666666669494034636045, "5.4": 94.64285714285709527615608749, "1.6": 69.62616822429910090619387120, "index": 75.07115187189810079360086092, "3": 68.55896185284650057312205718, "O": 55.75269286034829629983278210, "1": 94.93769470404980204136791144, "P": 11.48295563261240020969111697, "S": 7.835503378937419549643550454, "2": "Insufficient data", "5": 76.32738095238099651496099796, "4": 57.74752289463349619325072126}, "CA": {"1.1": 55.41666666666670293395213776, "1.2": 87.500, "1.3": 100, "1.4": 75.00, "1.5": "Insufficient data", "2.1": "Insufficient data", "2.2": "Insufficient data", "2.3": 66.66666666666669627261399000, "2.4": "Insufficient data", "3.1": 75.00, "3.2": 100, "3.3": 93.28936122635189676088884880, "4.1": 55.33333333333330106285075090, "4.2": 91.50000000000000355271367880, "4.3": "Insufficient data", "5.1": 82.99999999999999600319711135, "5.2": 66.50000000000000355271367880, "5.3": 100, "5.4": 83.16666666666669982532766880, "1.6": 68.83720930232559709338602261, "index": 85.31733663073509665863980445, "3": 89.42978707545059524619546210, "O": 65.30255285844630552816170166, "1": 77.00000000000000177635683940, "P": 12.79565217391299969396101233, "S": 7.219131598375780334286844209, "2": "Insufficient data", "5": 83.16666666666669982532766880, "4": 72.99999999999999822364316060}, "CL": {"1.1": 100, "1.2": 50.0, "1.3": 66.66666666666669627261399000, "1.4": 100, "1.5": 91.64583333333330417147521985, "2.1": 100, "2.2": "Insufficient data", "2.3": 55.61433288706429944880937910, "2.4": "Insufficient data", "3.1": 68.7500, "3.2": 58.25000000000000177635683940, "3.3": 95.52450880359959484167120536, "4.1": 66.66666666666669627261399000, "4.2": 66.50000000000000355271367880, "4.3": 32.52300685888340203710811238, "5.1": 66.50000000000000355271367880, "5.2": 0, "5.3": 66.66666666666669627261399000, "5.4": 83.84285714285709678605940098, "1.6": 76.63551401869159729329794573, "index": 85.12387775423070346292320210, "3": 74.17483626786649519857519408, "O": 67.22494572280349744985983307, "1": 80.82466900311530144662697239, "P": 8.723957991967160041646422997, "S": 9.174974039460019603620111184, "2": "Insufficient data", "5": 54.25238095238099633732531402, "4": 55.22989117518329882372540851}, "CD": {"1.1": 97.49999999999999777955395075, "1.2": 100, "1.3": 66.66666666666669627261399000, "1.4": 62.500, "1.5": 50.66277056277059820388330991, "2.1": 100, "2.2": "Insufficient data", "2.3": "Insufficient data", "2.4": "Insufficient data", "3.1": 46.53613682184610245151645813, "3.2": 58.25000000000000177635683940, "3.3": 68.85502507305859554165294867, "4.1": 88.42871227394869526605702958, "4.2": 74.75000000000000532907051820, "4.3": "Insufficient data", "5.1": 66.50000000000000355271367880, "5.2": 50.0, "5.3": 0, "5.4": 89.22857142857140155811634941, "1.6": 70.69767441860459467051214233, "index": 65.20529118639349919206438244, "3": 57.88038729830160544764794395, "O": 48.19851755114100133603471932, "1": 74.67118527467360156180120612, "P": 7.841965408101030099441430821, "S": 9.164808227151470532145793868, "2": "Insufficient data", "5": 51.43214285714290401330117675, "4": 81.99999999999999511501869165}, "ET": {"1.1": 90.41666666666670071350608850, "1.2": 75.00, "1.3": 100, "1.4": 100, "1.5": 70.32819264069259945770795639, "2.1": 100, "2.2": "Insufficient data", "2.3": 84.94414330403330382068816107, "2.4": "Insufficient data", "3.1": 61.89128344185279573252955743, "3.2": 75.00, "3.3": 63.63338117648650316127145743, "4.1": 100, "4.2": 82.99999999999999600319711135, "4.3": 55.88225408536859895036741364, "5.1": 66.50000000000000355271367880, "5.2": 82.99999999999999600319711135, "5.3": 55.33333333333330106285075090, "5.4": 96.33333333333330417147521985, "1.6": 73.14814814814819543542512292, "index": 63.31953748357980193972593952, "3": 66.84155487277979590388099496, "O": 42.91237517914059940160598217, "1": 84.81550124258460110482360506, "P": 10.47110625568089953274508730, "S": 9.936056048758210024196557697, "2": "Insufficient data", "5": 75.29166666666670115759529835, "4": 79.62741802845619831785484166}, "HT": {"1.1": 80.00000000000000444089209850, "1.2": 100, "1.3": 0, "1.4": 62.500, "1.5": 82.17916666666670311158782170, "2.1": 80.58140998265379550957732135, "2.2": "Insufficient data", "2.3": "Insufficient data", "2.4": "Insufficient data", "3.1": 61.97407374955760106516322594, "3.2": 44.33333333333330239511838045, "3.3": 73.16960468298530084751973845, "4.1": 63.24592566631269674459758789, "4.2": 50.0, "4.3": "Insufficient data", "5.1": 66.50000000000000355271367880, "5.2": 66.50000000000000355271367880, "5.3": "Insufficient data", "5.4": 75.00, "1.6": 52.85714285714290250339786326, "index": 69.31353748197489617055566669, "3": 59.82567058862540143593378161, "O": 55.23938503980180270147570809, "1": 62.92271825396830164933703600, "P": 8.836730764399769455508248939, "S": 5.237421677773299727443045981, "2": "Insufficient data", "5": 68.99999999999999467092948180, "4": 56.99999999999999511501869165}, "HN": {"1.1": 100, "1.2": 100, "1.3": 100, "1.4": 100, "1.5": 75.32916666666670257868076988, "2.1": 87.10055851381419689261065287, "2.2": "Insufficient data", "2.3": 91.93378318940089721778008425, "2.4": "Insufficient data", "3.1": 53.31098627395089994962518176, "3.2": 75.00, "3.3": 80.32921317163409513639749093, "4.1": 100, "4.2": 74.75000000000000532907051820, "4.3": 75.33871252673739471461544781, "5.1": 66.50000000000000355271367880, "5.2": 50.0, "5.3": 82.99999999999999600319711135, "5.4": 94.41428571428569505030736764, "1.6": 80.18867924528300106246092582, "index": 80.68879763180369923958323852, "3": 69.54673314852829468790673673, "O": 58.45066099164499817675277882, "1": 92.58630765199159506906312345, "P": 10.76341507307270045634695066,