{"AL": {"1.1": 93.33333333333330150693996075, "1.2": 100, "1.3": 100, "1.4": 100, "1.5": 45.45183982683980161709769163, "2.1": 88.02843462644990291110502767, "2.2": "Insufficient data", "2.3": "Insufficient data", "2.4": "Insufficient data", "3.1": 75.61729283410559832034891770, "3.2": 75.00, "3.3": 91.42691513485740051336847500, "4.1": 100, "4.2": 50.0, "4.3": 99.42781913850700092893930560, "5.1": 66.50000000000000355271367880, "5.2": 66.50000000000000355271367880, "5.3": 91.50000000000000355271367880, "5.4": 98.99614285714289918516328726, "1.6": 74.19354838709679711428179871, "1": 85.49645359121165003971990852, "3": 80.6814026563209996112391309, "2": "Insufficient data", "5": 80.87403571428572746082608092, "4": 83.14260637950233364297976853, "index": 82.5486245853301776886912222}, "AU": {"1.1": 64.58333333333330372738601000, "1.2": 96.87500, "1.3": 100, "1.4": 100, "1.5": 77.02380952380950551727778475, "2.1": 46.48481986014840194876285295, "2.2": "Insufficient data", "2.3": 66.66666666666669627261399000, "2.4": "Insufficient data", "3.1": 68.7500, "3.2": 95.312500, "3.3": 77.34570240537940177816267351, "4.1": 60.99999999999999866773237045, "4.2": 49.74999999999999977795539507, "4.3": 72.74140660686659876077442277, "5.1": 100, "5.2": 33.00000000000000155431223448, "5.3": 66.50000000000000355271367880, "5.4": 84.37142857142859719843386301, "1.6": 84.90566037735850501988466021, "1": 87.2313005390835523774247425, "3": 80.4694008017931339260542245, "2": "Insufficient data", "5": 70.96785714285715057636494408, "4": 61.1638022022888657354873961, "index": 74.9580901715056756538328268}, "BR": {"1.1": 100, "1.2": 100, "1.3": 100, "1.4": 100, "1.5": 100, "2.1": 42.62459493502129825870383684, "2.2": "Insufficient data", "2.3": "Insufficient data", "2.4": "Insufficient data", "3.1": 100, "3.2": 31.2500, "3.3": 74.42688555853950171936617153, "4.1": 66.72384879415740321917382971, "4.2": 74.75000000000000532907051820, "4.3": 31.76871988974300231589609211, "5.1": 66.50000000000000355271367880, "5.2": 66.50000000000000355271367880, "5.3": 77.66666666666669494034636045, "5.4": 94.64285714285709527615608749, "1.6": 69.62616822429910090619387120, "1": 94.93769470404985015103231187, "3": 68.55896185284650057312205717, "2": "Insufficient data", "5": 76.32738095238094933048245138, "4": 57.74752289463347028804681333, "index": 74.39289010097769258567090842}, "CA": {"1.1": 55.41666666666670293395213776, "1.2": 87.500, "1.3": 100, "1.4": 75.00, "1.5": "Insufficient data", "2.1": "Insufficient data", "2.2": "Insufficient data", "2.3": 66.66666666666669627261399000, "2.4": "Insufficient data", "3.1": 75.00, "3.2": 100, "3.3": 93.28936122635189676088884880, "4.1": 55.33333333333330106285075090, "4.2": 91.50000000000000355271367880, "4.3": "Insufficient data", "5.1": 82.99999999999999600319711135, "5.2": 66.50000000000000355271367880, "5.3": 100, "5.4": 83.16666666666669982532766880, "1.6": 68.83720930232559709338602261, "1": "Insufficient data", "3": 89.42978707545063225362961627, "2": "Insufficient data", "5": 83.16666666666667484530961475, "4": "Insufficient data", "index": 86.2982268710586535494696155}, "CL": {"1.1": 100, "1.2": 50.0, "1.3": 66.66666666666669627261399000, "1.4": 100, "1.5": 91.64583333333330417147521985, "2.1": 100, "2.2": "Insufficient data", "2.3": 55.61433288706429944880937910, "2.4": "Insufficient data", "3.1": 68.7500, "3.2": 58.25000000000000177635683940, "3.3": 95.52450880359959484167120536, "4.1": 66.66666666666669627261399000, "4.2": 66.50000000000000355271367880, "4.3": 32.52300685888340203710811238, "5.1": 66.50000000000000355271367880, "5.2": 0, "5.3": 66.66666666666669627261399000, "5.4": 83.84285714285709678605940098, "1.6": 76.63551401869159729329794573, "1": 80.82466900311526628956452592, "3": 74.17483626786653220600934827, "2": "Insufficient data", "5": 54.25238095238094915284676745, "4": 55.22989117518336728747859373, "index": 66.12044434963652873397480885}, "CD": {"1.1": 97.49999999999999777955395075, "1.2": 100, "1.3": 66.66666666666669627261399000, "1.4": 62.500, "1.5": 50.66277056277059820388330991, "2.1": 100, "2.2": "Insufficient data", "2.3": "Insufficient data", "2.4": "Insufficient data", "3.1": 46.53613682184610245151645813, "3.2": 58.25000000000000177635683940, "3.3": 68.85502507305859554165294867, "4.1": 88.42871227394869526605702958, "4.2": 74.75000000000000532907051820, "4.3": "Insufficient data", "5.1": 66.50000000000000355271367880, "5.2": 50.0, "5.3": 0, "5.4": 89.22857142857140155811634941, "1.6": 70.69767441860459467051214233, "1": 74.67118527467364782109389883, "3": 57.88038729830156658984208207, "2": "Insufficient data", "5": 51.43214285714285127770750705, "4": "Insufficient data", "index": 61.32790514337268856288116267}, "ET": {"1.1": 90.41666666666670071350608850, "1.2": 75.00, "1.3": 100, "1.4": 100, "1.5": 70.32819264069259945770795639, "2.1": 100, "2.2": "Insufficient data", "2.3": 84.94414330403330382068816107, "2.4": "Insufficient data", "3.1": 61.89128344185279573252955743, "3.2": 75.00, "3.3": 63.63338117648650316127145743, "4.1": 100, "4.2": 82.99999999999999600319711135, "4.3": 55.88225408536859895036741364, "5.1": 66.50000000000000355271367880, "5.2": 82.99999999999999600319711135, "5.3": 55.33333333333330106285075090, "5.4": 96.33333333333330417147521985, "1.6": 73.14814814814819543542512292, "1": 84.81550124258458260110652797, "3": 66.8415548727797662979336716, "2": "Insufficient data", "5": 75.29166666666665119755919025, "4": 79.62741802845619831785484167, "index": 76.6440352026217996036135579}, "HT": {"1.1": 80.00000000000000444089209850, "1.2": 100, "1.3": 0, "1.4": 62.500, "1.5": 82.17916666666670311158782170, "2.1": 80.58140998265379550957732135, "2.2": "Insufficient data", "2.3": "Insufficient data", "2.4": "Insufficient data", "3.1": 61.97407374955760106516322594, "3.2": 44.33333333333330239511838045, "3.3": 73.16960468298530084751973845, "4.1": 63.24592566631269674459758789, "4.2": 50.0, "4.3": "Insufficient data", "5.1": 66.50000000000000355271367880, "5.2": 66.50000000000000355271367880, "5.3": "Insufficient data", "5.4": 75.00, "1.6": 52.85714285714290250339786326, "1": 62.92271825396826834264629725, "3": 59.8256705886254014359337816, "2": "Insufficient data", "5": "Insufficient data", "4": "Insufficient data", "index": 61.3741944212968348892900394}, "HN": {"1.1": 100, "1.2": 100, "1.3": 100, "1.4": 100, "1.5": 75.32916666666670257868076988, "2.1": 87.10055851381419689261065287, "2.2": "Insufficient data", "2.3": 91.93378318940089721778008425, "2.4": "Insufficient data", "3.1": 53.31098627395089994962518176, "3.2": 75.00, "3.3": 80.32921317163409513639749093, "4.1": 100, "4.2": 74.75000000000000532907051820, "4.3": 75.33871252673739471461544781, "5.1": 66.50000000000000355271367880, "5.2": 50.0, "5.3": 82.99999999999999600319711135, "5.4": 94.41428571428569505030736764, "1.6": 80.18867924528300106246092582, "1": 92.58630765199161727352361595, "3": 69.5467331485283316953408909, "2": "Insufficient data", "5": 73.47857142857142365155453945, "4": 83.3629041755791333478953220, "index": 79.74362910116762649207859205}, "ID": {"1.1": 100, "1.2": 100, "1.3": 100, "1.4": 100, "1.5": 71.55000000000000248689957516, "2.1": 100, "2.2": "Insufficient data", "2.3": 76.96859048286099902469459266, "2.4": "Insufficient data", "3.1": 63.35504336693219551435163339, "3.2": 75.00, "3.3": 94.03615830929660246439993898, "4.1": 83.90336224462150438441199185, "4.2": 50.0, "4.3": 99.81649832958869872356899577, "5.1": 66.50000000000000355271367880, "5.2": 66.50000000000000355271367880, "5.3": 41.99999999999999844568776552, "5.4": 67.30000000000000426325641456, "1.6": 71.09004739336489686607478689, "1": 90.44000789889414989216239368, "3": 77.4637338920762659929171908, "2": "Insufficient data", "5": 60.57500000000000245359288442, "4": 77.90662019140340103599366253, "index": 76.59634049559345484366653285}, "KE": {"1.1": 66.83333333333330017467233120, "1.2": 100, "1.3": 100, "1.4": 100, "1.5": 77.93290043290039825762960390,