{"AU": {"1.1": 59.37500, "1.2": 71.42857142857139685077072500, "1.3": 100, "1.4": 93.7500, "1.5": 75.04119026818250048904701544, "2.1": 100, "2.2": 100, "2.3": 100, "2.4": 100, "3.1": 74.27884036379700516405932831, "3.2": 78.94736842105259944091244506, "3.3": 76.95112506671980545647215877, "4.1": 94.73684210526319704470665783, "4.2": 83.25000000000000177635683940, "4.3": 97.80133093305549696339085131, "5.1": 66.66666666666669627261399000, "5.2": 45.28521700126770244132501375, "5.3": 66.50000000000000355271367880, "5.4": 84.29871634018779591457359857, "1.6": 88.94205633336069727334916024, "1": 81.42280300501909910219448343, "3": 76.7257779505231366871479774, "2": 100, "5": 65.6876500020305495453065703, "4": 91.92939101277289859481811617, "index": 83.15312439406913678589342946}, "CA": {"1.1": 60.52631578947369472842865434, "1.2": 71.42857142857139685077072500, "1.3": 100, "1.4": 75.00, "1.5": 71.58157941232119458874194606, "2.1": 91.72457020201350008647978029, "2.2": 100, "2.3": 100, "2.4": "No data", "3.1": 83.09366242636250232678207794, "3.2": 78.94736842105259944091244506, "3.3": 83.29604737919750201413648938, "4.1": 94.73684210526319704470665783, "4.2": 91.50000000000000355271367880, "4.3": 58.55058326798749934738452794, "5.1": 100, "5.2": 67.70093146952570473118271366, "5.3": 100, "5.4": 69.49181487768509857261278739, "1.6": 75.37253260573419932910610441, "1": 75.65149987268341424950790497, "3": 81.7790260755375345939436708, "2": 97.2415234006711666954932601, "5": 84.29818658680270082594887528, "4": 81.59580845775023331493495483, "index": 84.1132088786890099359657332}, "CL": {"1.1": 100, "1.2": 42.85714285714289917272878938, "1.3": 0, "1.4": 100, "1.5": 86.32260376955890324168763073, "2.1": 72.09282163215710026449301040, "2.2": 95.79349383247349747350085636, "2.3": 82.76032644416519978847190941, "2.4": 21.12800935887760023224046790, "3.1": 67.70872264295400011491210535, "3.2": 96.47368421052630038659003731, "3.3": 76.24594721171089606315263154, "4.1": 68.42105263157900463255600698, "4.2": 66.50000000000000355271367880, "4.3": 20.36499999999999976907361088, "5.1": 44.60584925656079779976437294, "5.2": 74.78967469162369763324704763, "5.3": 50.0, "5.4": 84.66898364222199546702540829, "1.6": 82.03495218804469635287546225, "1": 68.5357831357910831278819804, "3": 80.1427846883970655215515914, "2": 67.94366281691834943967656102, "5": 63.51612689760162272500920722, "4": 51.76201754385966931811443223, "index": 66.38007501651355802644675444}, "CD": {"1.1": 100, "1.2": 100, "1.3": 66.66666666666669627261399000, "1.4": 75.00, "1.5": 70.67918399872600287991986079, "2.1": 81.76414857998389740245670509, "2.2": "No data", "2.3": 81.99219925481590065530212996, "2.4": "No data", "3.1": 45.56815045015180087872863623, "3.2": 91.21052631578949743129669514, "3.3": 69.56585184241680375194505359, "4.1": 94.73684210526319704470665783, "4.2": 50.0, "4.3": 92.80585382508219627339940416, "5.1": 66.50000000000000355271367880, "5.2": 8.862512648817789939759137496, "5.3": 25.00, "5.4": 88.77250252976349731426353173, "1.6": 64.71813839341009622074807339, "1": 79.5106648431337992288803207, "3": 68.78150953611936735399012833, "2": 81.8781739173998990288794175, "5": 47.2837537946453227016840870, "4": 79.18089864344846443936868733, "index": 71.32700014694937055056052816}, "ET": {"1.1": 90.47619047619049892361431375, "1.2": 85.71428571428569842538536250, "1.3": 100, "1.4": 100, "1.5": 81.07360059392729745297856425, "2.1": 46.70807230174159885294216110, "2.2": 75.07555851481949593662079678, "2.3": 67.28397820539979701237598420, "2.4": 30.87085048658589903070037508, "3.1": 83.12162531294849943108715706, "3.2": 100, "3.3": 56.42567919860540515131219763, "4.1": 100, "4.2": 82.99999999999999600319711135, "4.3": 96.11168742340050474837198635, "5.1": 66.50000000000000355271367880, "5.2": 66.50000000000000355271367880, "5.3": 82.99999999999999600319711135, "5.4": 90.10726712368960500398884506, "1.6": 81.96698119971780327475130434, "1": 89.87184299735354967945492412, "3": 79.84910150385130152746645157, "2": 54.9846148771366977081598293, "5": 76.52681678092240202815332852, "4": 93.0372291411335002505230326, "index": 78.85392106007949023875151322}, "HN": {"1.1": 97.36842105263160407346845204, "1.2": 85.71428571428569842538536250, "1.3": 100, "1.4": 100, "1.5": 70.74433316437930274744871895, "2.1": 56.17670231295690541628573555, "2.2": 66.45882842120369726757189710, "2.3": 73.67049708234340021917319064, "2.4": 100, "3.1": 77.77613115559740553095480209, "3.2": 100, "3.3": 64.32007530569610054271834088, "4.1": 100, "4.2": 74.75000000000000532907051820, "4.3": 42.63644621348969820928687113, "5.1": 65.68747260477579841264628158, "5.2": 97.71046711200700451982470440, "5.3": 16.50000000000000077715611724, "5.4": 80.32137490694399861723695722, "1.6": 89.87075967510750329481084009, "1": 90.61629993440068475685222892, "3": 80.69873548709783535789104767, "2": 74.0765069541260007257577058, "5": 65.0548286559317005817160151, "4": 72.4621487378299011794524631, "index": 76.58170395387722452033389212}, "ID": {"1.1": 100, "1.2": 100, "1.3": 100, "1.4": 100, "1.5": 46.12721393752899912144016525, "2.1": 83.04001975048319605932078957, "2.2": 100, "2.3": 66.31225201325749996073000148, "2.4": 100, "3.1": 72.73497039683699538770156323, "3.2": 87.68421052631579781788673245, "3.3": 93.79597891227110517675669144, "4.1": 94.73684210526319704470665783, "4.2": 50.0, "4.3": 59.55599999999999782929194225, "5.1": 66.50000000000000355271367880, "5.2": 66.50000000000000355271367880, "5.3": 44.33333333333330239511838045, "5.4": 67.21935461107130249658325738, "1.6": 69.31832411691749573634524495, "1": 85.90758967574108247629756837, "3": 84.73838661180796612744832903, "2": 87.33806794093517400501269778, "5": 61.13817198610115299928224885, "4": 68.0976140350877316246662000, "index": 77.4439660499346214465414088}, "NG": {"1.1": 100, "1.2": 100, "1.3": 100, "1.4": 100, "1.5": 99.80832569787699837249306256, "2.1": 70.19186718520860068792899256, "2.2": "No data", "2.3": 54.54446034793459796574666143, "2.4": "No data", "3.1": 81.81107191576829640311530056, "3.2": 91.21052631578949743129669514, "3.3": 66.92973428611790343012444282, "4.1": 94.73684210526319704470665783, "4.2": 58.25000000000000177635683940, "4.3": 86.35059445464390304181279134, "5.1": 66.50000000000000355271367880, "5.2": 75.06666666666670373331271549, "5.3": 49.74999999999999977795539507, "5.4": 95.83333333333330372738601000, "1.6": 63.58812677121890022391426101, "1": 93.89940874484931643273455393, "3": 79.98377750589189908817881283, "2": 62.3681637665715993268378270, "5": 71.78750000000000269784194985, "4": 79.77914551996903395429209617, "index": 77.56359910745637029997704796}, "PS": {"1.1": 88.23529411764710062016092706, "1.2": 71.42857142857139685077072500, "1.3": 100, "1.4": 100, "1.5": 77.00512538629320502536756976, "2.1": 90.03295662890320461002602315, "2.2": 88.37183362025750055224193602, "2.3": 62.55469029930329494249008349, "2.4": 100, "3.1": 65.17825485658289563772882502, "3.2": 89.47368421052630527157134566, "3.3": 67.93965288593269979955380222, "4.1": 94.73684210526319704470665783, "4.2": 58.25000000000000177635683940, "4.3": 30.51352916353919919600912181, "5.1": 66.50000000000000355271367880, "5.2": 100, "5.3": 50.0, "5.4": 72.69034518550639978329286350, "1.6": 82.78842418822970339320477251, "1": 86.57623585345690098158399907, "3": 74.19719731768063356961799097, "2": 85.23987013711600002618951068, "5": 72.29758629637660083400163558, "4": 61.16679042293413267235753967, "index": 75.89553600551285361675013522}, "PH": {"1.1": 100, "1.2": 100, "1.3": 100, "1.4": 100, "1.5": 61.91663876219339890383253078, "2.1": 30.87283369507000108100669422, "2.2": 76.51186345217659834361256799, "2.3": 86.06344396294219878384978983, "2.4": 100, "3.1": 81.97963895533439959706356603, "3.2": 98.21052631578950364854563304, "3.3": 68.71677906813260516827313040, "4.1": 94.73684210526319704470665783, "4.2": 74.75000000000000532907051820, "4.3": 84.80600459165710258702119972,